group,factor,value,run,params,final_train_loss,final_val_loss,val_perplexity,train_time_sec,tokens_per_sec,peak_cuda_mem_MB,hardware,valid_word_rate,repeat_3gram_rate,sample
depth,n_layers,2,depth_2,413440,2.1491129207611084,2.185142774581909,8.891918002621866,43.4,429858.2729889983,260.8,Tesla T4,0.3536585365853658,0.0,"ROMEO: / Whall yourdene Ein, lanling he wait / Thand the my this stou this tee aing alns / Tims cose and and ind my mou ber soocesl thad so of / Se grendshay sopor heann aif t dea stof thereran'ds / Man is apling I to haring o bin med thim. /  / WIUSOLIO: / Shes gond non'se po sed an af my wire: / I forrly wor me owe"
depth,n_layers,4,depth_4,809984,2.0802602767944336,2.124370036125183,8.367624526244333,81.2,223532.7938863385,469.6,Tesla T4,0.4358974358974359,0.0,"ROMEO: / Thall you deneace on rof und eate and / Lend sot thee wist il wis the all my nothims cose and / Sprerancey mor ber sooces anem's ofof ther. /  / CAESASTIET: / Whall aind to a she gomert and; if to seats, / Oxt to har the shie mer thim, your hit beestsel. /  / CASTENEND: / Py the mucurte me: brinchly a a mat wi"
depth,n_layers,6,depth_6,1206528,1.986278798580169,2.052520122528076,7.787501856653175,119.2,151813.48824370635,678.4,Tesla T4,0.5232558139534884,0.0,ROMEO: / Thu an the eneace on roling he waill fard the my thou / st in wit the ase my nothims cose and and ind / my mor ber soocesl thad so of the nours by sopord / And paintt deancht / An to tathes her is thes to beith ringhos / sin he thim my ariste; me frell sencl's git Prether; / And with wor. Shay wor mak wi
heads,n_heads,2,heads_2,809984,2.0840875005722044,2.129088125228882,8.407197004175792,71.0,260809.99525065493,397.7,Tesla T4,0.369047619047619,0.0,"ROMEO: / Thull thade weace lellong nate we thous o te thil. /  / Fist Ou HENO: / Willl my nothims cose and and ind my mor ber sooces. /  / PORIINUCE: / Yer myou hagr porve annd if this frer / What tor my shar is greste I to har the shis mernt / And your hit bee felly; in thie phast the an, / The meaill. arly wor mat wi"
heads,n_heads,4,heads_4,809984,2.0802602910995485,2.12437002658844,8.367624446444445,81.5,223652.9326562741,469.7,Tesla T4,0.4358974358974359,0.0,"ROMEO: / Thall you deneace on rof und eate and / Lend sot thee wist il wis the all my nothims cose and / Sprerancey mor ber sooces anem's ofof ther. /  / CAESASTIET: / Whall aind to a she gomert and; if to seats, / Oxt to har the shie mer thim, your hit beestsel. /  / CASTENEND: / Py the mucurte me: brinchly a a mat wi"
heads,n_heads,8,heads_8,809984,2.063814973831177,2.10808708190918,8.232478156249345,102.5,176402.88944164867,613.7,Tesla T4,0.4756097560975609,0.0,"ROMEO: / Thall you deneace in roling he waith fard then, / And wist il wis tee all my nothims cose and and ind / my mor ber soocesl thad so of the nours by sopord / And paintt deancht / What to the she tis thes to beith rith oses hee / Tour blome hate bomifelly; in thie phaty the an, / The me wor. Shay wor mat wi"
context,context_length,64,context_64,809984,2.0576390743255617,2.0996715259552,8.163487978202975,42.6,226860.23458620475,213.0,Tesla T4,0.5125,0.0,"ROMEO: / Whall thadee pace on roloun he waith faror son, / And with is wis the as a youse, my cose and and ind / Cyou o ber soocesl thad sough the nours by sopord / And paintt than sou there and; in this thes to beith rithers / sin hent for hear hit beestsely; in laie? /  / BPOLURER: / Co, wir gill. /  / Cly MIONUS: / Au"
context,context_length,128,context_128,809984,2.0802602767944336,2.1243700313568117,8.367624486344392,81.7,222973.74814672818,469.6,Tesla T4,0.4358974358974359,0.0,"ROMEO: / Thall you deneace on rof und eate and / Lend sot thee wist il wis the all my nothims cose and / Sprerancey mor ber sooces anem's ofof ther. /  / CAESASTIET: / Whall aind to a she gomert and; if to seats, / Oxt to har the shie mer thim, your hit beestsel. /  / CASTENEND: / Py the mucurte me: brinchly a a mat wi"
context,context_length,256,context_256,809984,2.119814510345459,2.16287214756012,8.696078244709588,194.7,183700.2703048345,1200.7,Tesla T4,0.4482758620689655,0.0,"ROMEO: / Thall thad eneane on rof und eathin / Thand thot thee wist icths stee; beake no hims cos, / And apond ondy mou ber soocesl thad so of ther. /  / CAESAS: / You heals aint to a the go toure my ort / the thes to beis brinthoses he hand my hear / Ofe bees sely sen thie phast the af, the me: / I forrly a a ca of "
