step,epoch,train_loss,val_loss,lr,tokens_per_sec,elapsed_sec
0,0.0,4.221158494949341,4.222065687179565,2.9999999999999997e-06,0.0,2.882978916168213
0,0.016,4.218619346618652,,2.9999999999999997e-06,4984.717266816349,3.2869014739990234
50,0.832,3.665889024734497,,0.000153,205771.46873019412,7.268017053604126
100,1.648,3.0283923149108887,,0.0003,199295.61784693087,11.378493785858154
150,2.464,2.683939218521118,,0.0002995389065559004,204364.16191379575,15.387024402618408
200,3.264,2.5568412590026854,2.556495704650879,0.0002981587759593675,204364.16191379575,22.37566590309143
200,3.281,2.5688583850860596,,0.0002981587759593675,115479.34178828247,22.480933904647827
250,4.097,2.532961845397949,,0.00029586903590180956,202069.6439154079,26.534981727600098
300,4.913,2.496880531311035,,0.0002926853276295856,199597.8987688213,30.639233350753784
350,5.729,2.4730629920959473,,0.00028862939909843273,204215.72196067366,34.65067768096924
400,6.528,2.4334707069396972,2.4415596675872804,0.000283728956412876,204215.72196067366,41.54594802856445
400,6.545,2.469783306121826,,0.000283728956412876,116954.55099287885,41.6551079750061
450,7.361,2.429997444152832,,0.00027801747456544134,205408.09907106528,45.64326620101929
500,8.177,2.4019887447357178,,0.0002715339687685131,200041.4545872457,49.73841738700867
550,8.993,2.4102654457092285,,0.0002643227279408727,204568.41402723675,53.74294567108154
600,9.793,2.3541919660568236,2.368071231842041,0.00025643301216947504,204568.41402723675,60.583460092544556
600,9.809,2.384469985961914,,0.00025643301216947504,117991.38659066444,60.68582534790039
650,10.625,2.3562753200531006,,0.0002479187162131051,203156.55642521204,64.71818351745605
700,11.441,2.383547782897949,,0.00023883800134652763,200812.45719991197,68.79761171340942
750,12.257,2.332963705062866,,0.0002292528980600049,204916.8268590514,72.79533123970032
800,13.057,2.277823133468628,2.3069045782089233,0.00021922888232815086,204916.8268590514,79.71859788894653
800,13.073,2.3172171115875244,,0.00021922888232815086,116540.3662746435,79.82465529441833
850,13.889,2.3111610412597656,,0.00020883442834263225,204920.44432768316,83.82230424880981
900,14.705,2.328066349029541,,0.00019814054076400787,201480.425452965,87.88820791244507
950,15.521,2.299492597579956,,0.00018722026968789906,203477.51626203983,91.91420555114746
1000,16.321,2.2280592012405394,2.254150071144104,0.00017614821163876486,203477.51626203983,98.7923002243042
1000,16.337,2.272939443588257,,0.00017614821163876486,117385.3958883368,98.8929271697998
1050,17.153,2.281337022781372,,0.00016499999999999997,204412.70887987825,102.9005057811737
1100,17.97,2.2552878856658936,,0.00015385178836123511,197353.9683986562,107.05142307281494
1150,18.786,2.255556344985962,,0.00014277973031210088,203920.34729869952,111.06867790222168
1200,19.585,2.1900682401657106,2.221473841667175,0.0001318594592359921,203920.34729869952,117.95592093467712
1200,19.602,2.2418084144592285,,0.0001318594592359921,117171.63913220169,118.06013083457947
1250,20.418,2.2718470096588135,,0.00012116557165736772,203051.39862171016,122.09457731246948
1300,21.234,2.231597900390625,,0.00011077111767184913,201192.22153095214,126.16630530357361
1350,22.05,2.2450881004333496,,0.00010074710193999505,204106.70066728428,130.17989230155945
1400,22.85,2.158931407928467,2.2003112745285036,9.116199865347238e-05,204106.70066728428,137.09167981147766
1400,22.866,2.2214181423187256,,9.116199865347238e-05,116788.36474480477,137.19428968429565
1450,23.682,2.222040891647339,,8.208128378689484e-05,204570.76468610176,141.19877195358276
1500,24.498,2.2267391681671143,,7.356698783052497e-05,200996.85116964855,145.27445769309998
1550,25.314,2.209596633911133,,6.567727205912724e-05,202808.32866248896,149.31373953819275
1600,26.114,2.1358427381515503,2.1838483476638793,5.846603123148688e-05,202808.32866248896,156.1776716709137
1600,26.13,2.2069060802459717,,5.846603123148688e-05,117597.72833410495,156.279860496521
1650,26.946,2.2079272270202637,,5.198252543455865e-05,203793.5447013512,160.29961490631104
1700,27.762,2.212970733642578,,4.6271043587123986e-05,199813.62043753001,164.39943552017212
1750,28.578,2.19735050201416,,4.137060090156724e-05,205518.2203996331,168.38545680046082
1800,29.378,2.1261533975601195,2.1690724325180053,3.7314672370414325e-05,205518.2203996331,175.3364553451538
1800,29.394,2.180351495742798,,3.7314672370414325e-05,115961.23897900009,175.44988632202148
1850,30.21,2.1878089904785156,,3.41309640981904e-05,204349.91709372716,179.45869636535645
1900,31.026,2.1912667751312256,,3.1841224040632484e-05,201352.7914589199,183.5271773338318
1950,31.842,2.185887336730957,,3.046109344409957e-05,204462.2279221362,187.53378534317017
2000,32.642,2.119814510345459,2.16287214756012,3e-05,204462.2279221362,194.33722496032715
